{"version": 0.6, "generator": "Overpass API 0.7.62.8 e802775f", "osm3s": {"timestamp_osm_base": "2025-12-24T10:46:02Z", "copyright": "The data included in this document is from www.openstreetmap.org. The data is made available under ODbL."}, "elements": [{"type": "node", "id": 1302168325, "lat": 52.0936639, "lon": 0.1266486}, {"type": "node", "id": 1302168778, "lat": 52.0938032, "lon": 0.1263489}, {"type": "node", "id": 1302169139, "lat": 52.0938481, "lon": 0.1264759}, {"type": "node", "id": 1302169480, "lat": 52.093619, "lon": 0.1265217}, {"type": "node", "id": 11061948321, "lat": 52.1224196, "lon": 0.162904}, {"type": "node", "id": 11061948322, "lat": 52.1228242, "lon": 0.1630066}, {"type": "node", "id": 11967851170, "lat": 52.1223104, "lon": 0.163313}, {"type": "node", "id": 11967851171, "lat": 52.1227228, "lon": 0.163373}, {"type": "way", "id": 115136007, "nodes": [1302169139, 1302168325, 1302169480, 1302168778, 1302169139], "tags": {"amenity": "fire_station", "building": "yes", "name": "Duxford Aerodrome Fire Service", "source": "Bing"}}, {"type": "way", "id": 1290779005, "nodes": [11061948322, 11967851171, 11967851170, 11061948321, 11061948322], "tags": {"amenity": "fire_station", "name": "Sawston Community Fire Station"}}]}